<Semantics><Header><CItem><DateOfCreation>17/12/2013 13:31:29</DateOfCreation><Version>1.0</Version></CItem></Header><Formulas><CFormulaItem><Number>0</Number><Feature>3</Feature><EntityType>1</EntityType><Description></Description><Label> P&lt;Symbol=/low&gt;0 ( x&lt;Symbol=/low&gt;0 , A&lt;Symbol=/low&gt;0 ) _TRSP#@</Label><Addons></Addons><Text> [  ( x&lt;Symbol=/low&gt;0&lt;Symbol=/0xCE&gt;A&lt;Symbol=/low&gt;0 )  ]</Text><FreeVariables><CVariableItem><Variable>1</Variable><Label>x</Label><Index>0</Index><Text>x&lt;Symbol=/low&gt;0</Text></CVariableItem><CVariableItem><Variable>2</Variable><Label>A</Label><Index>0</Index><Text>A&lt;Symbol=/low&gt;0</Text></CVariableItem></FreeVariables><ParentLinks/></CFormulaItem><CFormulaItem><Number>2</Number><Feature>3</Feature><EntityType>2</EntityType><Description></Description><Label> P&lt;Symbol=/low&gt;1 ( x&lt;Symbol=/low&gt;0 , A&lt;Symbol=/low&gt;0 ) _TRSP#@</Label><Addons></Addons><Text> [ &lt;Symbol=/216&gt; ( x&lt;Symbol=/low&gt;0&lt;Symbol=/0xCE&gt;A&lt;Symbol=/low&gt;0 )  ]</Text><FreeVariables><CVariableItem><Variable>1</Variable><Label>x</Label><Index>0</Index><Text>x&lt;Symbol=/low&gt;0</Text></CVariableItem><CVariableItem><Variable>2</Variable><Label>A</Label><Index>0</Index><Text>A&lt;Symbol=/low&gt;0</Text></CVariableItem></FreeVariables><ParentLinks><CParentLinkItem><FormulaNumber>0</FormulaNumber><VariableNumber>-1</VariableNumber></CParentLinkItem></ParentLinks></CFormulaItem></Formulas><Sets><CSetItem><Number>1</Number><FormulaNumber>0</FormulaNumber><EntityType>7</EntityType><Description></Description><Label>M&lt;Symbol=/low&gt;0 ( A&lt;Symbol=/low&gt;0 ) _TRSP#@</Label><Addons></Addons><Text> { x&lt;Symbol=/low&gt;0 |  P&lt;Symbol=/low&gt;0 ( x&lt;Symbol=/low&gt;0 , A&lt;Symbol=/low&gt;0 )  }</Text><FreeVariables><CVariableItem><Variable>1</Variable><Label>x</Label><Index>0</Index><Text>x&lt;Symbol=/low&gt;0</Text></CVariableItem><CVariableItem><Variable>2</Variable><Label>A</Label><Index>0</Index><Text>A&lt;Symbol=/low&gt;0</Text></CVariableItem></FreeVariables><BaseVariables><CVariableItem><Variable>1</Variable><Label>x</Label><Index>0</Index><Text>x&lt;Symbol=/low&gt;0</Text></CVariableItem></BaseVariables></CSetItem></Sets></Semantics>
